{
  "u": -0.0730484482452731,
  "v": 0.21891657633480327,
  "w": 0.10666224597420385
}
